vareps,fp32,fp16,bf16
0.01,0.000362351450843331,0.000523900351808884,0.00098112311923908
1e-05,3.1016946579298e-07,0.000378110291633884,0.000913392492507502
1e-08,2.00987375634456e-10,0.000378118110186951,0.00091359306813235
1e-11,2.90856254243969e-13,0.000378119360504633,0.000913630420729207
