vareps,fp32,tf32,half,bf16
0.0001,5.48101005141936e-16,0.000164700795582623,0.000164700795582623,0.00169232580425422
1e-08,5.48101005141936e-16,0.000164700795582623,0.000164700795582623,0.00169232580425422
1e-12,5.48101005141936e-16,0.000164700795582623,0.000164700795582623,0.00169232580425422
