vareps,fp32,tf32,half,bf16
0.0001,6.37972756649093e-05,0.000314658637351673,0.000314353970699162,0.00258431228261915
1e-08,7.92803571303344e-09,0.000324950989768682,0.000324863249206991,0.00266297891049882
1e-12,5.66740362183798e-13,0.000332404032851497,0.000332395238336223,0.00272391595507044
