vareps,fp32,tf32,half,bf16
0.0001,2.34917022556483e-05,0.000289452753307874,0.000289452753307874,0.00291304629683753
1e-08,2.72561175485032e-09,0.000294380518116081,0.000294381923183748,0.00286460685599494
1e-12,5.07950801281027e-13,0.000297489901506299,0.000297500741965048,0.00286820013678211
