vareps,fp32,tf32,half,bf16
0.0001,6.38276102978109e-05,0.00032163222440778,0.000321524489788234,0.00259317570728677
1e-08,7.44051524729213e-09,0.000340612974180587,0.000340724033480648,0.00277604815390484
1e-12,5.93338067934513e-13,0.00034281041465541,0.000343442436901103,0.00283695593597977
