vareps,fp32,tf32,half,bf16
0.0001,2.1472619335575e-05,0.000313311528677077,0.000313311501554515,0.00286339752573104
1e-08,2.72564810001557e-09,0.000319335695232844,0.000319333403881646,0.00288086562831046
1e-12,5.07957908179662e-13,0.000326249610157565,0.000326249245101374,0.00288477517117302
