vareps,fp32,tf32,half,bf16
0.0001,4.41018907410252e-06,0.000538688732496229,0.000538688730052032,0.00429251578097278
1e-08,4.42204372851486e-10,0.000538665517352662,0.000538664910893779,0.00429393134045949
1e-12,2.36678780283909e-14,0.000538742497695223,0.000538742445730996,0.00429439060614907
