vareps,fp32,tf32,half,bf16
0.0001,4.34923471079828e-16,0.000239496672810111,0.000239496672810111,0.00071119229138676
1e-08,4.34923471079828e-16,0.000239496672810111,0.000239496672810111,0.00071119229138676
1e-12,4.34923471079828e-16,0.000239496672810111,0.000239496672810111,0.00071119229138676
