MatrixSize,ConstructionTime,MatVecTime
1000,0.1513545,0.0009395
2000,0.663976,0.002648
3000,1.9138245,0.0040635
4000,4.02525475,0.00751425
5000,7.604705,0.01301275
