vareps,fp32,half,tf32,b
0.0001,1.00000000224105,-1,-1,-1
1e-08,1.00000002518808,-1,-1,-1
1e-12,0.99999989376722,-1,-1,-1
