vareps,fp32,tf32,half,bf16
0.0001,0.000592612505076595,0.00385449367239917,0.00311653851714339,0.0189809916749432
1e-08,2.90636424495269e-07,0.00296816802609462,0.0024327305030093,0.0346377881229031
1e-12,3.15891584847368e-07,0.00230351282510158,0.00443348913394241,0.0358258923686579
