vareps,fp32,half,tf32,b
0.0001,592.036983822574,-1,-1,-1
1e-08,8038734109036.33,-1,-1,-1
1e-12,14.7701746510074,-1,-1,-1
