vareps,fp32,fp16,bf16
0.01,0.00645338372379196,0.531745269288635,-1
1e-05,0.0064527066540741,0.0433541549956654,-1
1e-08,0.00272178201281813,0.0431008236820493,-1
1e-11,0.00272178201031698,0.0431008236820493,-1
