vareps,fp32,fp16,bf16
0.01,0.374260068127872,0.309426871295976,1848.5142083017
1e-05,0.000173247034866422,0.0356967459146705,0.058824512546008
1e-08,2.69323119137931e-06,0.0190092283246375,0.0804325884824889
1e-11,2.70340479701332e-06,0.0361049668951117,0.101128658074363
