vareps,fp32,fp16,bf16
0.01,0.036687013189439,0.0369023087687578,0.059169206075195
1e-05,6.81999937164924e-05,0.00341685765575946,0.0172433033319701
1e-08,2.9063642447851e-07,0.00243273050300932,0.0346377881229033
1e-11,3.05153247649647e-07,0.00443598706449851,0.0356983500781911
