vareps,fp32,tf32,half,bf16
0.0001,6.69876594636635e-05,0.146186841435635,0.146186841436086,0.129539053272784
1e-08,6.69876737025376e-05,0.146197921583826,0.146197921634982,0.432482454738025
1e-12,6.69876737147165e-05,0.146197921583826,0.146197921634982,0.432482454738025
