vareps,fp32,fp16,bf16
0.01,0.0020559166636212,0.00210144182586444,0.00478558548922011
1e-05,2.1341485687201e-06,0.000442436887939067,0.00433072701333555
1e-08,6.0530141029299e-08,0.00044166727267741,0.00432958517611523
1e-11,6.02916598996675e-08,0.000442621733564932,0.0043425631157465
