vareps,fp32,fp16,bf16
0.01,0.0127678588678903,0.0414692328422885,0.0987972487268138
1e-05,0.0127678588703145,0.0413830089196267,0.0970686699275801
1e-08,0.0127678611964749,0.0413830089908267,0.0970686699289235
1e-11,0.012767861196475,0.0413830089908267,0.0970686699289235
