vareps,fp32,tf32,half,bf16
0.0001,1.11098149225065e-05,0.000436159389667737,0.000442336644409218,0.00360695559208222
1e-08,5.43620642682517e-08,0.000435241624273846,0.000443416634753726,0.00361203630943577
1e-12,5.43379835197552e-08,0.000436202718759144,0.000439127689315258,0.00361725876268795
