vareps,fp32,fp16,bf16
0.01,0.0365178414290181,0.0366661596005154,0.043658318907259
1e-05,7.06306357017743e-05,0.00630809448382108,0.0291083840102892
1e-08,4.02153335919064e-07,0.0033138006480973,0.0312564122717662
1e-11,3.99797096787217e-07,0.00488905830934704,0.0224532425483739
