vareps,fp32,tf32,half,bf16
0.0001,0.00017010624459631,0.0996382503246213,0.0996382458312915,0.724437233080911
1e-08,0.000170106247229652,0.0996382503246213,0.0996382458312915,0.724437184500733
1e-12,0.000170106247229653,0.0996382503246213,0.0996382458312915,0.724437184500733
