vareps,fp32,fp16,bf16
0.01,0.0164226535311555,0.042333171590373,3.59479020143601
1e-05,0.000149152116220499,0.0429875243266505,-1
1e-08,0.000272511542538945,0.0313340079734879,1.94001295007236
1e-11,0.000146990091621261,0.0568224451176292,0.0862934846245102
