vareps,fp32,tf32,half,bf16
0.0001,0.000305592423765476,0.177720262602082,0.125778795189844,0.0618514822213647
1e-08,5.58621621086514e-06,2.32941115465682,0.114776418693446,0.0863811089271943
1e-12,2.79938989961034e-06,2.30255660787107,0.114414466705615,0.0863137584557054
