vareps,fp32,tf32,half,bf16
0.0001,0.000334229971156639,0.0365915226523556,0.0210831504425454,0.241628270258821
1e-08,5.19748463139226e-06,0.0379745401571286,0.0334194382581786,0.19279531871591
1e-12,6.91800600953353e-06,0.0379747275373851,0.0336623645543427,0.192667362764062
