vareps,fp32,half,tf32,b
0.0001,1.00000079088873,-1,22967290.1749973,1.00000000469958
1e-08,13.5434291395825,-1,1.00000000609038,0.999999989281097
1e-12,697.272265237745,-1,1.00000000006177,0.999997492388106
