vareps,fp32,fp16,bf16
0.01,0.00092156005676044,0.00168340553107533,0.00277038434235916
1e-05,5.26105461642351e-07,0.00177260230960445,0.00261504248741391
1e-08,7.81051025143042e-08,0.0018502006933865,0.00261600295353627
1e-11,7.8108352154882e-08,0.0018625134251811,0.00261486270736835
