vareps,fp32,half,tf32,b
0.0001,0.00276578748334872,0.0549260965320466,0.0711509829564425,1.22392788471073
1e-08,4.82526159359787e-06,0.0611773503987314,0.118875906897253,1.60109386088301
1e-12,1.43753540644312e-05,0.04066135340048,0.0870031768887466,0.735955375390841
