vareps,fp32,fp16,bf16
0.01,0.000774353304882131,0.00109271731807727,0.00270830901781913
1e-05,4.20309093960923e-07,0.00111286873607714,0.00259567597398272
1e-08,5.61142621739325e-08,0.0011513462135357,0.00259632737309124
1e-11,5.61176373068939e-08,0.00115881133519869,0.00259543616184166
