vareps,fp32,half,tf32,b
0.0001,0.00475853239527947,0.141004095957363,0.121782514918379,4.21117114080902
1e-08,1.87120584155409e-05,0.22931703586736,0.443680701485045,3.12429083641312
1e-12,1.90043362200242e-05,0.125815356055953,0.17535353606223,18.7580798512033
