vareps,fp32,fp16,bf16
0.01,0.0156855906258965,0.124300595341092,0.0859677171064439
1e-05,0.000209749508672082,0.152905693464024,0.0808449340670959
1e-08,0.000146596792967178,0.153488923943894,0.0943428179876472
1e-11,0.000498546397257468,0.217723367889915,0.0793052140045342
