vareps,fp32,tf32,half,bf16
0.0001,0.000592879646358505,0.00389922639929194,0.00408362861682743,0.0233580296423339
1e-08,4.02153335917581e-07,0.00387885075246146,0.00331380064809729,0.031256412271766
1e-12,4.57694909657432e-07,0.00408341060149177,0.0052202723312636,0.0220027437251608
