vareps,fp32,tf32,half,bf16
0.0001,4.41018907410301e-06,0.000262532835445189,0.000262532839571302,0.00245458529694862
1e-08,4.19017716436162e-10,0.000262471240728175,0.000262380115789273,0.00245457994053485
1e-12,2.3665312656061e-14,0.000262471240640302,0.000262380116236546,0.0024545799412659
