vareps,fp32,tf32,half,bf16
0.0001,3.69094306620318e-16,0.000345383373164373,0.000345383373164373,0.00129106682687267
1e-08,3.69094306620318e-16,0.000345383373164373,0.000345383373164373,0.00129106682687267
1e-12,3.69094306620318e-16,0.000345383373164373,0.000345383373164373,0.00129106682687267
