vareps,fp32,fp16,bf16
0.01,0.00506785320826966,0.0050814960910451,0.00592168806851698
1e-05,6.21090176657476e-06,0.000323812356981633,0.00267362792132706
1e-08,3.97706466664008e-09,0.00032367864263693,0.00268111555755367
1e-11,8.45896962615819e-12,0.000323657653628336,0.0026811586199833
