vareps,fp32,tf32,half,bf16
0.0001,4.136350128502e-16,0.000333337072469425,0.000333337072469425,0.00242220450894243
1e-08,4.136350128502e-16,0.000333337072469425,0.000333337072469425,0.00242220450894243
1e-12,4.136350128502e-16,0.000333337072469425,0.000333337072469425,0.00242220450894243
