vareps,fp32,tf32,half,bf16
0.0001,4.41018907410288e-06,0.000234760863984973,0.000234760842213409,0.00205259778863193
1e-08,4.19017716419436e-10,0.000234705004950714,0.000234718763341463,0.00205233551643126
1e-12,2.36649138319076e-14,0.000234705004981228,0.000234718762576798,0.00205233551643974
