vareps,fp32,tf32,half,bf16
0.0001,6.38276102978099e-05,0.000345373511276532,0.000345374417030588,0.00270139665916195
1e-08,7.99843154276205e-09,0.000336162291756709,0.000336495276329718,0.00272012994045024
1e-12,5.9333701333477e-13,0.000336162260030758,0.000336491826554777,0.00272006497856627
