vareps,fp32,fp16,bf16
0.01,0.000828760945459064,0.000901339601335634,0.00375574324993961
1e-05,3.12937823165737e-07,0.000353909751570983,0.0035221103041832
1e-08,5.64497037842141e-10,0.000354261303227184,0.00352365368865439
1e-11,1.60151962237323e-12,0.000354261270983981,0.00352365369156209
