vareps,fp32,tf32,half,bf16
0.0001,2.34931250975208e-05,0.000324074163424512,0.000324074080893594,0.00338320421778113
1e-08,2.7256480999127e-09,0.000325286292868524,0.00032528600875265,0.00340096168871031
1e-12,5.07952380218247e-13,0.000325286290943075,0.000325285961841139,0.00340096168890667
