vareps,fp32,tf32,half,bf16
0.0001,6.37972756649107e-05,0.000327723075705873,0.000327664987070282,0.00246409745337098
1e-08,7.92803571563403e-09,0.000318073914284048,0.000318199511487177,0.0024491672718439
1e-12,5.667387505522e-13,0.000318073970896495,0.000318199405271743,0.00244916731304899
