vareps,fp32,half,tf32,b
0.0001,3.19805204848107e-05,-1,-1,-1
1e-08,8.52895155966245e-10,-1,-1,-1
1e-12,6.69169755363128e-13,-1,-1,-1
