MatrixSize,ConstructionTime,MatVecTime
1000,0.11553675,0.0004815
2000,0.62239,0.00186575
3000,1.76424975,0.00294675
4000,3.92536,0.00508925
5000,7.1919915,0.00627425
