vareps,fp32,fp16,bf16
0.01,3.73951586228333e-08,0.000241124908037372,0.0033342009757753
1e-05,3.73951586228333e-08,0.000241124908037372,0.0033342009757753
1e-08,3.73951586228333e-08,0.000241124908037372,0.0033342009757753
1e-11,3.73951586228333e-08,0.000241124908037372,0.0033342009757753
