vareps,fp32,tf32,half,bf16
0.0001,2.23124897053147e-06,2.23124897053147e-06,2.23124897053147e-06,2.23124897053147e-06
1e-08,2.15678135025575e-10,2.15678135025575e-10,2.15678135025575e-10,2.15678135025575e-10
1e-12,1.94294139035914e-14,1.94294139035914e-14,1.94294139035914e-14,1.94294139035914e-14
