vareps,fp32,tf32,half,bf16
0.0001,7.25207868837341e-16,7.25207868837341e-16,7.25207868837341e-16,7.25207868837341e-16
1e-08,7.25207868837341e-16,7.25207868837341e-16,7.25207868837341e-16,7.25207868837341e-16
1e-12,7.25207868837341e-16,7.25207868837341e-16,7.25207868837341e-16,7.25207868837341e-16
