vareps,fp32,tf32,half,bf16
0.0001,2.68515788485976e-06,2.68515788485976e-06,2.68515788485976e-06,2.68515788485976e-06
1e-08,4.854510508842e-10,4.854510508842e-10,4.854510508842e-10,4.854510508842e-10
1e-12,1.80591096394179e-14,1.80591096394179e-14,1.80591096394179e-14,1.80591096394179e-14
