vareps,fp32,tf32,half,bf16
0.0001,2.68790061720206e-06,2.68790061720206e-06,2.68790061720206e-06,2.68790061720206e-06
1e-08,4.86629404353084e-10,4.86629404353084e-10,4.86629404353084e-10,4.86629404353084e-10
1e-12,1.92697119493789e-14,1.92697119493789e-14,1.92697119493789e-14,1.92697119493789e-14
