vareps,fp32,tf32,half,bf16
0.0001,2.23124897053715e-06,2.23124897053715e-06,2.23124897053715e-06,2.23124897053715e-06
1e-08,2.1567815957976e-10,2.1567815957976e-10,2.1567815957976e-10,2.1567815957976e-10
1e-12,1.94183205145002e-14,1.94183205145002e-14,1.94183205145002e-14,1.94183205145002e-14
