vareps,fp32,tf32,half,bf16
0.0001,1.85845435019205e-06,1.85845435019205e-06,1.85845435019205e-06,1.85845435019205e-06
1e-08,1.06902204873539e-10,1.06902204873539e-10,1.06902204873539e-10,1.06902204873539e-10
1e-12,1.86538399159161e-14,1.86538399159161e-14,1.86538399159161e-14,1.86538399159161e-14
