vareps,fp32,tf32,half,bf16
0.0001,1.85913283641164e-06,1.85913283641164e-06,1.85913283641164e-06,1.85913283641164e-06
1e-08,1.06916921927891e-10,1.06916921927891e-10,1.06916921927891e-10,1.06916921927891e-10
1e-12,1.86555774899825e-14,1.86555774899825e-14,1.86555774899825e-14,1.86555774899825e-14
