vareps,fp32,tf32,half,bf16
0.0001,6.55716054870946e-05,-1,-1,-1
1e-08,7.92123823473484e-09,-1,-1,-1
1e-12,5.66752902931464e-13,-1,-1,-1
