vareps,fp32,tf32,half,bf16
0.0001,6.46637913593871e-05,-1,-1,-1
1e-08,8.79316267410758e-09,-1,-1,-1
1e-12,5.93473696028512e-13,-1,-1,-1
