vareps,fp32,tf32,half,bf16
0.0001,2.35048983273712e-05,-1,-1,-1
1e-08,2.72581354130516e-09,-1,-1,-1
1e-12,5.07954551771366e-13,-1,-1,-1
