vareps,fp32,tf32,half,bf16
0.0001,2.37073061288414e-05,-1,-1,-1
1e-08,2.72547303488698e-09,-1,-1,-1
1e-12,5.07948591844119e-13,-1,-1,-1
