vareps,fp32,tf32,half,bf16
0.0001,4.14152503571387e-16,-1,-1,-1
1e-08,4.14152503571387e-16,-1,-1,-1
1e-12,4.14152503571387e-16,-1,-1,-1
