vareps,fp32,tf32,half,bf16
0.0001,3.43764452504273e-16,-1,-1,-1
1e-08,3.43764452504273e-16,-1,-1,-1
1e-12,3.43764452504273e-16,-1,-1,-1
