vareps,fp32,half,b
0.0001,1.95205920264543e-05,-1,-1
1e-08,2.72541655962488e-09,-1,-1
1e-12,5.07956430539613e-13,-1,-1
