vareps,fp32,half,b
0.0001,6.91755378891285e-05,-1,-1
1e-08,7.9169969011501e-09,-1,-1
1e-12,5.66757292020433e-13,-1,-1
