vareps,fp32,half,b
0.0001,4.29875604201952e-16,-1,-1
1e-08,4.29857594733094e-16,-1,-1
1e-12,4.29980114852937e-16,-1,-1
