vareps,fp32,half,b
0.0001,6.91188477322317e-05,-1,-1
1e-08,7.79741487789934e-09,-1,-1
1e-12,5.93474734662414e-13,-1,-1
