vareps,fp32,half,b
0.0001,2.43709434904857e-05,-1,-1
1e-08,2.72575704866941e-09,-1,-1
1e-12,5.07950781960417e-13,-1,-1
