vareps,fp32,half,b
0.0001,3.8277817814489e-16,-1,-1
1e-08,3.82752796975233e-16,-1,-1
1e-12,3.82752796975233e-16,-1,-1
