vareps,fp32,half,b
0.0001,-1,0.00203698155943702,0.0167600316048125
1e-08,-1,0.00171055744039935,0.0207461401183934
1e-12,-1,0.00194354618669229,0.0172892814238978
