vareps,fp32,half,b
0.0001,-1,0.0177476380071261,0.0228658338632188
1e-08,-1,0.00214067234911228,0.0160903327171572
1e-12,-1,0.00216961994684112,0.0154976385514166
