vareps,fp32,half,b
0.0001,-1,0.00167574434624633,0.0140604268949845
1e-08,-1,0.00165856270209587,0.0140604323668149
1e-12,-1,0.00165856270209587,0.0140604323668149
