vareps,fp32,half,b
0.0001,-1,0.00210009297038532,0.0257883387585447
1e-08,-1,0.00251221177501254,0.0194086946329921
1e-12,-1,0.00201937378107203,0.0231664997139916
