vareps,fp32,half,b
0.0001,-1,0.0177377869190461,0.0250933094420253
1e-08,-1,0.0024139197341491,0.0181806126807078
1e-12,-1,0.00230672392214629,0.0180692210495966
