vareps,fp32,half,b
0.0001,-1,0.00214384142188279,0.0131361300430009
1e-08,-1,0.00214428481687361,0.0131361097959477
1e-12,-1,0.00214428350285001,0.0131361357491031
