vareps,fp32,half,b
0.0001,-1,0.00137848942046821,0.0120878707212086
1e-08,-1,0.00102710903380024,0.012044916066121
1e-12,-1,0.00101838510617205,0.0120521547175875
