vareps,fp32,half,b
0.0001,-1,0.00134368201644211,0.0117801939135327
1e-08,-1,0.00103475770079452,0.0117698193478425
1e-12,-1,0.00103335667651187,0.0117890230643988
